<?xml version="1.0" encoding="UTF-8"?>
<beans:beans xmlns="http://www.springframework.org/schema/mvc"
	xmlns:xsi="http://www.w3.org/2001/XMLSchema-instance"
	xmlns:beans="http://www.springframework.org/schema/beans"
	xmlns:context="http://www.springframework.org/schema/context"
	xsi:schemaLocation="http://www.springframework.org/schema/mvc http://www.springframework.org/schema/mvc/spring-mvc.xsd
		http://www.springframework.org/schema/beans http://www.springframework.org/schema/beans/spring-beans.xsd
		http://www.springframework.org/schema/context http://www.springframework.org/schema/context/spring-context.xsd">

	<!-- DispatcherServlet Context: defines this servlet's request-processing infrastructure -->
	
	<!-- Enables the Spring MVC @Controller programming model -->
	<annotation-driven />

	<!-- Handles HTTP GET requests for /resources/** by efficiently serving up static resources in the ${webappRoot}/resources directory -->
	<resources mapping="/**" location="/resources/" />
	
	<!-- 꼭꼭꼭 기술 -->	

	<!-- Resolves views selected for rendering by @Controllers to .jsp resources in the /WEB-INF/views directory -->
	<!-- Tiles로 JSP 출력 -->
	<beans:bean id="viewResolver" class="org.springframework.web.servlet.view.UrlBasedViewResolver">
		<beans:property name="viewClass" value="org.springframework.web.servlet.view.tiles2.TilesView" />
	</beans:bean>

	<!-- Tiles 환경 설정 -->
	<beans:bean id="tilesconfigurer" class="org.springframework.web.servlet.view.tiles2.TilesConfigurer">
		<beans:property name="definitions" value="/WEB-INF/tiles2def.xml" />
	</beans:bean>
	
	<context:component-scan base-package="net.mvp.*" />
	<!-- 
        이메일보내기
		<beans:bean id="mailSender" class ="org.springframework.mail.javamail.JavaMailSenderImpl" >
	    <beans:property name="host" value="smtp.gmail.com" />
	    <beans:property name="port" value="587" />
	    <beans:property name="username" value="" />
	    <beans:property name="password" value="" />
	    <beans:property name="javaMailProperties">
	    <beans:props>
	        <beans:prop key="mail.smtp.starttls.enable">true</beans:prop>
	    </beans:props>
	    </beans:property>
		</beans:bean>
		 -->
	
</beans:beans>
